{
  "mean_reward": 107.51162308797987,
  "std_reward": 322.3015020591403,
  "mean_touch": 301.8840563554421,
  "mean_ct": 0,
  "condition": "CT_OFF",
  "steps": 1000000,
  "time": 1545.4606568813324
}