{
  "mean_reward": -43.97060605590133,
  "std_reward": 274.6553968325881,
  "mean_touch": 217.2113265114269,
  "mean_ct": 0,
  "condition": "CT_OFF",
  "steps": 50000,
  "time": 66.36675715446472
}