{
  "mean_reward": 132.05273324954757,
  "std_reward": 302.64420188480085,
  "mean_touch": 264.06422721381205,
  "mean_ct": 33.50417368404097,
  "condition": "CT_ON",
  "steps": 500000,
  "time": 890.3965909481049
}