{
  "mean_reward": 106.07695266278768,
  "std_reward": 323.25111182276413,
  "mean_touch": 265.0778682723979,
  "mean_ct": 27.09578938577845,
  "condition": "CT_ON",
  "steps": 1000000,
  "time": 1811.085128068924
}