{
  "mean_reward": -122.21340792516018,
  "std_reward": 54.552868961841035,
  "mean_touch": 252.72915308532714,
  "mean_ct": 0,
  "condition": "CT_OFF",
  "steps": 100000,
  "time": 146.67521786689758
}