{
  "mean_reward": -49.237430415176625,
  "std_reward": 276.17061945402685,
  "mean_touch": 227.17861039039195,
  "mean_ct": 32.28362124803839,
  "condition": "CT_ON",
  "steps": 50000,
  "time": 100.08881783485413
}