{
  "mean_reward": 130.43872487851522,
  "std_reward": 298.1934872247473,
  "mean_touch": 289.53878602812944,
  "mean_ct": 0,
  "condition": "CT_OFF",
  "steps": 500000,
  "time": 702.7516911029816
}