{
  "mean_reward": -134.92521360466444,
  "std_reward": 61.87162561578783,
  "mean_touch": 224.94095784606932,
  "mean_ct": 35.005765498733524,
  "condition": "CT_ON",
  "steps": 100000,
  "time": 161.97567105293274
}